<?xml version="1.0" encoding="UTF-8" ?>
<!DOCTYPE configuration PUBLIC "-//ibatis.apache.org//DTD Config 3.0//EN" "http://ibatis.apache.org/dtd/ibatis-3-config.dtd">

<configuration>

    <settings>
        <setting name="useGeneratedKeys" value="true"/>
    </settings>

    <environments default="development">
        <environment id="development">
            <transactionManager type="JDBC"/>
            <dataSource type="POOLED">
                <property name="driver" value="com.mysql.jdbc.Driver"/>
                <property name="url" value="jdbc:mysql://127.0.0.1:3306/java_backend"/>
                <property name="username" value="root"/>
                <property name="password" value="root"/>
            </dataSource>
        </environment>
    </environments>

    <mappers>
        <mapper resource="edu/javacourse/ibatis/RegionMapper.xml"/>
    </mappers>

</configuration>