<?xml version="1.0" encoding="UTF-8"?>
<project-private xmlns="http://www.netbeans.org/ns/project-private/1">
    <editor-bookmarks xmlns="http://www.netbeans.org/ns/editor-bookmarks/1"/>
    <open-files xmlns="http://www.netbeans.org/ns/projectui-open-files/1">
        <file>file:/C:/WORK/Applicant/Ideas/GS_Batis_Map/src/edu/javacourse/ibatis/RegionMapper.xml</file>
        <file>file:/C:/WORK/Applicant/Ideas/GS_Batis_Map/src/edu/javacourse/ibatis/TestBatis.java</file>
        <file>file:/C:/WORK/Applicant/Ideas/GS_Batis_Map/src/edu/javacourse/ibatis/Configuration.xml</file>
    </open-files>
</project-private>
