<?xml version="1.0" encoding="UTF-8"?>
<project-private xmlns="http://www.netbeans.org/ns/project-private/1">
    <editor-bookmarks xmlns="http://www.netbeans.org/ns/editor-bookmarks/1"/>
    <editor-bookmarks xmlns="http://www.netbeans.org/ns/editor-bookmarks/2" lastBookmarkId="0"/>
    <open-files xmlns="http://www.netbeans.org/ns/projectui-open-files/1">
        <file>file:/C:/WORK/Applicant/JavaCourseBL/Lessons/GS_Guice_Interceptor/src/edu/javacourse/guice/ShopService.java</file>
        <file>file:/C:/WORK/Applicant/JavaCourseBL/Lessons/GS_Guice_Interceptor/src/edu/javacourse/guice/GuiceExample.java</file>
        <file>file:/C:/WORK/Applicant/JavaCourseBL/Lessons/GS_Guice_Interceptor/src/edu/javacourse/guice/interceptor/TestInterceptor.java</file>
    </open-files>
</project-private>
