<?xml version="1.0" encoding="UTF-8" ?>
<!DOCTYPE mapper PUBLIC "-//ibatis.apache.org//DTD Mapper 3.0//EN"
"http://ibatis.apache.org/dtd/ibatis-3-mapper.dtd">

<mapper namespace="ibatis.RegionMapper">
    
    <!-- Пример использования шаблонов -->
    <sql id="userColumns">region_id</sql>
    
    <select id="selectAllRegionId" resultType="Integer">
        select <include refid="userColumns"/> from jc_region
    </select>
    
    <!-- Такой вызов очень удобен при работе с Sequence -->
    <insert id="insertRegion" parameterType="Region" useGeneratedKeys="false">
        <selectKey keyProperty="regionId" resultType="int" order="BEFORE">
            select 1
        </selectKey>
        insert into jc_region_id (region_id, region_name) values (#{regionId}, #{regionName})
    </insert>
</mapper>