<?xml version="1.0" encoding="UTF-8" ?>
<!DOCTYPE mapper PUBLIC "-//ibatis.apache.org//DTD Mapper 3.0//EN"
"http://ibatis.apache.org/dtd/ibatis-3-mapper.dtd">

<mapper namespace="ibatis.RegionMapper">
    
    <!-- Обратить внимание на parameterType (и в коде Java тоже посмотреть) -->
    <select id="selectRegion" parameterType="Integer" resultType="Region">
        select region_id as "regionId", region_name as "regionName" from jc_region where region_id = #{id}
    </select>

    <select id="selectAllRegion" resultType="Region">
        select region_id as "regionId", region_name as "regionName" from jc_region
    </select>

    <insert id="insertRegion" parameterType="Region" useGeneratedKeys="false">
        insert into jc_region (region_name) values (#{regionName})
    </insert>

    <update id="updateRegion" parameterType="Region">
        update jc_region set region_name=#{regionName} where region_id=#{regionId}
    </update>

    <delete id="deleteRegion" parameterType="Integer">
        delete from jc_region where region_id=#{id}
    </delete>
</mapper>