<?xml version="1.0" encoding="UTF-8" ?>
<!DOCTYPE mapper PUBLIC "-//ibatis.apache.org//DTD Mapper 3.0//EN"
"http://ibatis.apache.org/dtd/ibatis-3-mapper.dtd">

<mapper namespace="ibatis.RegionMapper">
    
    <resultMap id="regionResultMap" type="Region">
        <id property="regionId" column="region_id"/>
        <result property="regionName" column="region_name"/>
        <collection property="cities" column="region_id" javaType="ArrayList" select="selectCitiesForRegion">
            <id property="cityId" column="city_id"/>
            <result property="cityName" column="city_name"/>            
        </collection>
    </resultMap>
    
    <select id="selectAllRegions" resultMap="regionResultMap">
        select * from jc_region
    </select>

    <select id="selectCitiesForRegion" parameterType="int" resultType="City">
        select city_id as "cityId", city_name as "cityName" from jc_city where region_id = #{id}
    </select>

    
    <resultMap id="cityResultMap" type="City">
        <id property="cityId" column="city_id"/>
        <result property="cityName" column="city_name"/>
        <association property="region" column="region_id" javaType="Region" select="selectRegion">
            <id property="regionId" column="region_id"/>
            <result property="regionName" column="region_name"/>
        </association>
    </resultMap>
    
    <select id="selectAllCities" resultMap="cityResultMap">
        select * from jc_city
    </select>

    <select id="selectRegion" parameterType="int" resultType="Region">
        select region_id as "regionId", region_name as "regionName" from jc_region where region_id = #{id}
    </select>

</mapper>